{
    "Originlatitude": 48.80393950,
    "Originlongitude": 2.07576810,
    "Pivot": {
      "pixel": {
        "x": 48.80393950,
        "y": 2.07576810
      }
    },
    "AngleDegree": 76.681
}